<?xml version="1.0" encoding = "UTF-8"?>
<productos>
    <producto>
        <id>1</id>
        <nombre>Laptop</nombre>
        <precio>1200</precio>
        <cantidad>10</cantidad>
        <imagen>assets/laptop.jpg</imagen>
    </producto>
    <producto>
        <id>2</id>
        <nombre>Smartphone</nombre>
        <precio>800</precio>
        <cantidad>15</cantidad>
        <imagen>assets/telefono.jpg</imagen>
    </producto>
    <producto>
        <id>3</id>
        <nombre>Tablet</nombre>
        <precio>600</precio>
        <cantidad>20</cantidad>
        <imagen>assets/tablet.jpg</imagen>
    </producto>
</productos>